op,n,time_minimum
insert,1000,41.0
delete,1000,25.0
search,1000,0.12612612612612614
insert,10000,46.0
delete,10000,35.0
search,10000,0.13013013013013014
insert,100000,65.0
delete,100000,54.0
search,100000,0.13013013013013014
insert,1000000,93.0
delete,1000000,75.0
search,1000000,0.126
insert,10000000,116.0
delete,10000000,109.0
search,10000000,0.13113113113113115
