op,n,time_minimum
insert,1000,12.5
delete,1000,6.7025316455696204
search,1000,0.16416416416416418
insert,10000,24.888888888888886
delete,10000,12.4
search,10000,0.1801801801801802
insert,100000,45.142857142857146
delete,100000,22.0
search,100000,0.19238476953907818
insert,1000000,65.8
delete,1000000,32.22222222222222
search,1000000,0.22567703109327983
insert,10000000,104.0
delete,10000000,49.42857142857143
search,10000000,0.2359437751004016
