op,n,time_minimum
insert,1000,1.5267e6
delete,1000,320200.0
search,1000,22.289156626506024
insert,10000,1.741e6
delete,10000,638600.0
search,10000,22.79116465863454
insert,100000,2.996e6
delete,100000,1.6586e6
search,100000,23.559670781893004
insert,1000000,6.2911e6
delete,1000000,5.2492e6
search,1000000,30.412371134020617
insert,10000000,9.6476e6
delete,10000000,9.1239e6
search,10000000,250.0
