op,n,time_minimum
insert,1000,18.0
delete,1000,19.0
search,1000,0.18236472945891782
insert,10000,31.0
delete,10000,29.0
search,10000,0.2042042042042042
insert,100000,52.0
delete,100000,46.0
search,100000,0.2226680040120361
insert,1000000,74.0
delete,1000000,68.0
search,1000000,0.2477432296890672
insert,10000000,111.0
delete,10000000,99.0
search,10000000,0.25502008032128515
